Weight Class,Average Title Fight,Average Main Event,Average F1 Lay Pray,Average F2 Lay Pray,Average Winner LP,Average F1 Failed LP,Average F2 Failed LP,Average Decision,Average Stinker,Average F1 Frozen,Average F2 Frozen,Average Potential Robbery,Average Stand Up,Average F1 Active,Average F2 Active,Average Comeback Win,Average BangFest,Average F1 Head Hunter,Average F2 Head Hunter,Average F1 Leg Kicker,Average F2 Leg Kicker,Average Paul Craig,Average Massacre,Average F1 Beatdown,Average F2 Beatdown,Average Time Elapsed,Average Strikes Thrown per Fighter,Average Sig Strikes Landed per Fighter,Average TDA per Fighter,Average TDL per Fighter,Average Control Time per Fighter,Average Sig Strikes Landed per Second,Average Strikes Thrown per Second,Average Decisions,Average Submissions,Average KO/TKO
FYW,0.0454545454545454,0.0,0.1818181818181818,0.0909090909090909,0.1363636363636363,0.0681818181818181,0.0681818181818181,0.3863636363636363,0.0909090909090909,0.0,0.0,0.1363636363636363,0.2045454545454545,0.0909090909090909,0.0681818181818181,0.3181818181818182,0.0227272727272727,0.8863636363636364,0.0681818181818181,0.5681818181818182,0.1363636363636363,0.0,0.2272727272727272,0.0454545454545454,0.0227272727272727,556.6363636363636,85.5340909090909,31.511363636363637,3.0113636363636367,1.0795454545454546,126.9090909090909,0.02103409090909092,0.05693181818181817,0.38636363636363635,0.38636363636363635,0.25
BW,0.0389610389610389,0.0649350649350649,0.1558441558441558,0.1428571428571428,0.1558441558441558,0.0649350649350649,0.0649350649350649,0.5324675324675324,0.1038961038961039,0.0129870129870129,0.0,0.1038961038961039,0.2597402597402597,0.0649350649350649,0.1038961038961039,0.2077922077922078,0.0259740259740259,0.8181818181818182,0.1948051948051948,0.5584415584415584,0.1558441558441558,0.0259740259740259,0.1428571428571428,0.1038961038961039,0.0779220779220779,693.922077922078,121.35714285714286,48.1948051948052,3.675324675324675,1.2272727272727273,120.72727272727272,0.03210389610389609,0.08092207792207791,0.5324675324675324,0.19480519480519481,0.2597402597402597
FW,0.0422535211267605,0.0704225352112676,0.2112676056338028,0.1549295774647887,0.2112676056338028,0.0140845070422535,0.1126760563380281,0.4929577464788732,0.0985915492957746,0.0,0.0,0.0845070422535211,0.2253521126760563,0.0845070422535211,0.0845070422535211,0.2676056338028169,0.028169014084507,0.8309859154929577,0.1549295774647887,0.4929577464788732,0.1267605633802817,0.028169014084507,0.1126760563380281,0.0985915492957746,0.0704225352112676,667.9154929577464,121.88028169014085,47.063380281690144,2.936619718309859,1.176056338028169,131.33802816901408,0.031380281690140836,0.08123239436619717,0.49295774647887325,0.2112676056338028,0.29577464788732394
LW,0.0348837209302325,0.0697674418604651,0.0930232558139534,0.1046511627906976,0.1162790697674418,0.0116279069767441,0.0697674418604651,0.4534883720930232,0.0697674418604651,0.0,0.0116279069767441,0.1395348837209302,0.2906976744186046,0.0581395348837209,0.0581395348837209,0.2790697674418604,0.0116279069767441,0.8023255813953488,0.1046511627906976,0.5232558139534884,0.0581395348837209,0.0465116279069767,0.0697674418604651,0.0813953488372093,0.0581395348837209,639.8720930232558,105.0,41.43604651162791,3.4069767441860463,1.2209302325581395,133.40116279069767,0.027645348837209288,0.07001162790697679,0.45348837209302323,0.23255813953488372,0.313953488372093
WW,0.0253164556962025,0.0886075949367088,0.1392405063291139,0.1012658227848101,0.1772151898734177,0.0253164556962025,0.0379746835443038,0.4177215189873418,0.1012658227848101,0.0,0.0126582278481012,0.0759493670886076,0.2151898734177215,0.0632911392405063,0.1012658227848101,0.2151898734177215,0.0126582278481012,0.8481012658227848,0.1012658227848101,0.5443037974683544,0.2151898734177215,0.0126582278481012,0.1392405063291139,0.0886075949367088,0.0886075949367088,634.7721518987341,113.43037974683544,47.65822784810126,2.5822784810126582,0.9873417721518987,121.65822784810126,0.03177215189873416,0.07562025316455698,0.4177215189873418,0.21518987341772153,0.3670886075949367
MW,0.0379746835443038,0.0886075949367088,0.1518987341772152,0.2025316455696202,0.189873417721519,0.0632911392405063,0.1012658227848101,0.3924050632911392,0.0632911392405063,0.0,0.0,0.0632911392405063,0.2784810126582278,0.0886075949367088,0.0632911392405063,0.189873417721519,0.0379746835443038,0.7974683544303798,0.1518987341772152,0.4683544303797468,0.1645569620253164,0.0379746835443038,0.0886075949367088,0.0886075949367088,0.0632911392405063,634.0632911392405,108.60126582278481,44.639240506329116,2.848101265822785,1.1139240506329116,112.5506329113924,0.029791139240506304,0.07238607594936709,0.3924050632911392,0.25316455696202533,0.34177215189873417
LHW,0.0638297872340425,0.1702127659574468,0.1702127659574468,0.0638297872340425,0.1063829787234042,0.0638297872340425,0.0638297872340425,0.3617021276595745,0.0638297872340425,0.0212765957446808,0.0,0.1063829787234042,0.425531914893617,0.0638297872340425,0.1063829787234042,0.1914893617021276,0.0425531914893617,0.7021276595744681,0.1276595744680851,0.5319148936170213,0.0425531914893617,0.0212765957446808,0.1914893617021276,0.0425531914893617,0.0851063829787234,558.8085106382979,90.35106382978724,36.648936170212764,2.7340425531914896,0.9148936170212767,115.57446808510639,0.024393617021276598,0.06020212765957445,0.3617021276595745,0.14893617021276595,0.48936170212765956
HW,0.0666666666666666,0.1777777777777777,0.0888888888888888,0.1111111111111111,0.1555555555555555,0.0222222222222222,0.0222222222222222,0.3777777777777777,0.0,0.0,0.0,0.1777777777777777,0.4,0.0444444444444444,0.0888888888888888,0.3333333333333333,0.0222222222222222,0.8444444444444444,0.0666666666666666,0.6,0.1333333333333333,0.0222222222222222,0.2666666666666666,0.0222222222222222,0.1111111111111111,540.1333333333333,89.24444444444444,35.36666666666667,1.7,0.8555555555555556,109.67777777777778,0.023566666666666673,0.0594888888888889,0.37777777777777777,0.17777777777777778,0.4222222222222222
